Username,Username_Follower,Num_Followers,First_Digit
teeli__peachmuffin,manal.alharbi92,10000,1
teeli__peachmuffin,obee_gh,16000,1
teeli__peachmuffin,francescosantonicola,7662,7
teeli__peachmuffin,sdkdele,337000,3
teeli__peachmuffin,mickeyjohnson_jpeg,9089,9
teeli__peachmuffin,neeta_skincaregh,19300,1
teeli__peachmuffin,joaokialapk,156,1
teeli__peachmuffin,anzebah,10200,1
teeli__peachmuffin,drlaff_,30000,3
teeli__peachmuffin,appledealergh,112000,1
teeli__peachmuffin,wosee_,1867,1
teeli__peachmuffin,eyramyaw,1716,1
teeli__peachmuffin,faustinaadoma37,1314,1
teeli__peachmuffin,dimesnco,29900,2
teeli__peachmuffin,fauzitheone.alha,2,2
teeli__peachmuffin,yanerta,892,8
teeli__peachmuffin,samyxsam,518,5
teeli__peachmuffin,mhayvixx,2650,2
teeli__peachmuffin,officialdeeliciouseats,102,1
teeli__peachmuffin,djshinedabeast_,18800,1
teeli__peachmuffin,ohemaa_baakope1,1508,1
teeli__peachmuffin,_madamshe,12000,1
teeli__peachmuffin,dzi__dzor,37,3
teeli__peachmuffin,dj_danger_miami,51600,5
teeli__peachmuffin,spermzy_essiam,270,2
teeli__peachmuffin,stanzy2011,48,4
teeli__peachmuffin,mr_hubehjr,1387,1
teeli__peachmuffin,shopbloomm,8358,8
teeli__peachmuffin,afia_ovo,12900,1
teeli__peachmuffin,lunabatclothing,372,3
teeli__peachmuffin,nanji_miran,1011,1
teeli__peachmuffin,degraft_vanessa,1385,1
teeli__peachmuffin,fiorellaludocioc,0,0
teeli__peachmuffin,safiasalia27,31,3
teeli__peachmuffin,yaamonnies_hair,1536,1
teeli__peachmuffin,slim_machoo,11900,1
teeli__peachmuffin,a__koto,6030,6
teeli__peachmuffin,ghanaman_tv,1048,1
teeli__peachmuffin,mamatiiskitchen,4411,4
teeli__peachmuffin,conny_winner,20000,2
teeli__peachmuffin,teddyyoung9,923,9
teeli__peachmuffin,nbonsra,389,3
teeli__peachmuffin,itsdamihere,8,8
teeli__peachmuffin,zelle_allure,2021,2
teeli__peachmuffin,mim_iscloset,104,1
teeli__peachmuffin,theplushhub,3867,3
teeli__peachmuffin,iam_nayaa_gh,954,9
teeli__peachmuffin,elianita_250,1927,1
teeli__peachmuffin,queen_renee31,21300,2
teeli__peachmuffin,breakvicks,4345,4
